{
  "10042.jpg": {
    "image_id": "10042",
    "aesthetic_score": 5.65945945945946,
    "votes": {
      "score_1": 0.016216216216216217,
      "score_2": 0.010810810810810811,
      "score_3": 0.03783783783783784,
      "score_4": 0.14594594594594595,
      "score_5": 0.21621621621621623,
      "score_6": 0.3081081081081081,
      "score_7": 0.15675675675675677,
      "score_8": 0.07567567567567568,
      "score_9": 0.032432432432432434,
      "score_10": 0.0
    }
  },
  "101517.jpg": {
    "image_id": "101517",
    "aesthetic_score": 5.784660766961652,
    "votes": {
      "score_1": 0.0029498525073746312,
      "score_2": 0.0058997050147492625,
      "score_3": 0.04129793510324484,
      "score_4": 0.09144542772861357,
      "score_5": 0.25958702064896755,
      "score_6": 0.31563421828908556,
      "score_7": 0.1976401179941003,
      "score_8": 0.06784660766961652,
      "score_9": 0.014749262536873156,
      "score_10": 0.0029498525073746312
    }
  },
  "101629.jpg": {
    "image_id": "101629",
    "aesthetic_score": 5.239999999999999,
    "votes": {
      "score_1": 0.009230769230769232,
      "score_2": 0.015384615384615385,
      "score_3": 0.08,
      "score_4": 0.14153846153846153,
      "score_5": 0.3353846153846154,
      "score_6": 0.2553846153846154,
      "score_7": 0.13230769230769232,
      "score_8": 0.024615384615384615,
      "score_9": 0.0,
      "score_10": 0.006153846153846154
    }
  },
  "100514.jpg": {
    "image_id": "100514",
    "aesthetic_score": 4.984848484848485,
    "votes": {
      "score_1": 0.01818181818181818,
      "score_2": 0.030303030303030304,
      "score_3": 0.10909090909090909,
      "score_4": 0.20606060606060606,
      "score_5": 0.30606060606060603,
      "score_6": 0.1787878787878788,
      "score_7": 0.08484848484848485,
      "score_8": 0.04242424242424243,
      "score_9": 0.024242424242424242,
      "score_10": 0.0
    }
  },
  "100697.jpg": {
    "image_id": "100697",
    "aesthetic_score": 4.810126582278482,
    "votes": {
      "score_1": 0.0031645569620253164,
      "score_2": 0.03164556962025317,
      "score_3": 0.0981012658227848,
      "score_4": 0.26582278481012656,
      "score_5": 0.3449367088607595,
      "score_6": 0.17405063291139242,
      "score_7": 0.05063291139240506,
      "score_8": 0.022151898734177215,
      "score_9": 0.00949367088607595,
      "score_10": 0.0
    }
  },
  "101479.jpg": {
    "image_id": "101479",
    "aesthetic_score": 5.453703703703703,
    "votes": {
      "score_1": 0.0,
      "score_2": 0.012345679012345678,
      "score_3": 0.07407407407407407,
      "score_4": 0.13271604938271606,
      "score_5": 0.31790123456790126,
      "score_6": 0.25,
      "score_7": 0.1419753086419753,
      "score_8": 0.04938271604938271,
      "score_9": 0.018518518518518517,
      "score_10": 0.0030864197530864196
    }
  },
  "100989.jpg": {
    "image_id": "100989",
    "aesthetic_score": 6.6,
    "votes": {
      "score_1": 0.0,
      "score_2": 0.004545454545454545,
      "score_3": 0.004545454545454545,
      "score_4": 0.05454545454545454,
      "score_5": 0.16363636363636364,
      "score_6": 0.2727272727272727,
      "score_7": 0.24545454545454545,
      "score_8": 0.1409090909090909,
      "score_9": 0.07727272727272727,
      "score_10": 0.03636363636363636
    }
  },
  "101481.jpg": {
    "image_id": "101481",
    "aesthetic_score": 4.877358490566038,
    "votes": {
      "score_1": 0.015723270440251572,
      "score_2": 0.040880503144654086,
      "score_3": 0.11320754716981132,
      "score_4": 0.20754716981132076,
      "score_5": 0.3270440251572327,
      "score_6": 0.17295597484276728,
      "score_7": 0.07547169811320754,
      "score_8": 0.02830188679245283,
      "score_9": 0.006289308176100629,
      "score_10": 0.012578616352201259
    }
  },
  "100694.jpg": {
    "image_id": "100694",
    "aesthetic_score": 6.514285714285713,
    "votes": {
      "score_1": 0.004761904761904762,
      "score_2": 0.014285714285714285,
      "score_3": 0.047619047619047616,
      "score_4": 0.05238095238095238,
      "score_5": 0.1761904761904762,
      "score_6": 0.20952380952380953,
      "score_7": 0.19047619047619047,
      "score_8": 0.1619047619047619,
      "score_9": 0.06666666666666667,
      "score_10": 0.0761904761904762
    }
  },
  "10106.jpg": {
    "image_id": "10106",
    "aesthetic_score": 7.000000000000001,
    "votes": {
      "score_1": 0.0,
      "score_2": 0.010101010101010102,
      "score_3": 0.030303030303030304,
      "score_4": 0.050505050505050504,
      "score_5": 0.08080808080808081,
      "score_6": 0.1919191919191919,
      "score_7": 0.26262626262626265,
      "score_8": 0.1717171717171717,
      "score_9": 0.10101010101010101,
      "score_10": 0.10101010101010101
    }
  }
}